{"cameraMode":{"drawMode":0,"name":"Shaded","section":"Shading Mode"},"sceneLighting":true,"audioPlay":false,"sceneViewState":{"m_AlwaysRefresh":false,"showFog":false,"showSkybox":true,"showFlares":true,"showImageEffects":true,"showParticleSystems":true,"showVisualEffectGraphs":true,"m_FxEnabled":true},"in2DMode":false,"pivot":{"x":27.139881134033204,"y":60.519493103027347,"z":93.09101867675781},"rotation":{"x":0.11304378509521485,"y":-0.7986793518066406,"z":0.16771958768367768,"w":0.5684748888015747},"size":7.7116241455078129,"orthographic":false}