{"cameraMode":{"drawMode":0,"name":"Shaded","section":"Shading Mode"},"sceneLighting":true,"audioPlay":false,"sceneViewState":{"m_AlwaysRefresh":false,"showFog":false,"showSkybox":false,"showFlares":true,"showImageEffects":true,"showParticleSystems":true,"showVisualEffectGraphs":true,"m_FxEnabled":true},"in2DMode":false,"pivot":{"x":1.7904205322265626,"y":-0.677203893661499,"z":1.3762600421905518},"rotation":{"x":0.29782912135124209,"y":-0.6813194155693054,"z":0.36018532514572146,"w":0.5633704662322998},"size":13.384431838989258,"orthographic":false}