{"cameraMode":{"drawMode":0,"name":"Shaded","section":"Shading Mode"},"sceneLighting":true,"audioPlay":false,"sceneViewState":{"m_AlwaysRefresh":false,"showFog":false,"showSkybox":false,"showFlares":true,"showImageEffects":true,"showParticleSystems":true,"showVisualEffectGraphs":true,"m_FxEnabled":true},"in2DMode":false,"pivot":{"x":53.99713134765625,"y":3.367485761642456,"z":64.38373565673828},"rotation":{"x":0.0010615787468850613,"y":0.5257542133331299,"z":0.002269759541377425,"w":-0.851252019405365},"size":12.273151397705079,"orthographic":false}