{"cameraMode":{"drawMode":0,"name":"Shaded","section":"Shading Mode"},"sceneLighting":true,"audioPlay":false,"sceneViewState":{"m_AlwaysRefresh":false,"showFog":false,"showSkybox":false,"showFlares":true,"showImageEffects":true,"showParticleSystems":true,"showVisualEffectGraphs":true,"m_FxEnabled":true},"in2DMode":false,"pivot":{"x":13.441134452819825,"y":2.9266140460968019,"z":-11.395392417907715},"rotation":{"x":0.2560824155807495,"y":-0.010119285434484482,"z":0.002527429722249508,"w":0.9668937921524048},"size":7.646951675415039,"orthographic":false}