{"cameraMode":{"drawMode":0,"name":"Shaded","section":"Shading Mode"},"sceneLighting":true,"audioPlay":false,"sceneViewState":{"m_AlwaysRefresh":false,"showFog":false,"showSkybox":false,"showFlares":true,"showImageEffects":true,"showParticleSystems":true,"showVisualEffectGraphs":true,"m_FxEnabled":true},"in2DMode":false,"pivot":{"x":52.50628662109375,"y":54.303924560546878,"z":35.528480529785159},"rotation":{"x":-0.10269418358802796,"y":-0.02994491532444954,"z":0.004316714592278004,"w":-0.9947851300239563},"size":11.055865287780762,"orthographic":false}